,Famous_Person,Gemeinde_Name
0,"Otto Amrein, Arzt",Arosa
1,"Friedrich Wilhelm Paul Götz, Klimatologe",Arosa
2,"Otto Herwig, Arzt",Arosa
3,"Christian Maurer, evangelischer Theologe und Hochschullehrer",Arosa
4,"Ernst Rahm, Botaniker und Historiker",Arosa
5,"Martin Röthlisberger, Arzt",Arosa
6,"Carl Rüedi, Arzt",Arosa
7,"Gottlob Schrenk, deutscher evangelischer Geistlicher und Hochschullehrer",Arosa
8,"Georg Brunold, Journalist und Schriftsteller",Arosa
9,"Guido Caminada, Kunstmaler und Bildhauer",Arosa
10,"Hans Danuser, Chronist und Onomastiker",Arosa
11,"Hans Gysi, Schriftsteller, Regisseur und Schauspieler",Arosa
12,"Wädi Gysi, Musiker und Eishockeyspieler",Arosa
13,"Hitsch Jenny, Volksmusiker",Arosa
14,"Josias Jenny, Volksmusiker",Arosa
15,"Lora Lamm, Grafikerin",Arosa
16,"Ernst Lichtenhahn, Musikwissenschaftler ",Arosa
17,"Fritz Lichtenhahn, Schauspieler",Arosa
18,"Fritz Maron, Architekt und Historiker",Arosa
19,"Daniel Meisser, Skilehrer und Architekt, „Gigi von Arosa“",Arosa
20,"Felix Moeschlin, Kurdirektor und Schriftsteller",Arosa
21,"Kathrin Rüegg, Autorin und Fernsehköchin der Sendung Was die Grossmutter noch wusste",Arosa
22,"Hans Roelli, Kurdirektor, Komponist und Dichter",Arosa
23,"Roman Vital, Filmemacher",Arosa
24,"Livia Altmann, Eishockeyspielerin",Arosa
25,"Nini von Arx-Zogg, Skirennfahrerin",Arosa
26,"Tiziana Cipriani Gadient, Eishockeyspielerin",Arosa
27,"Pietro Cunti, Eishockeyspieler",Arosa
28,"Mia Engi, Skiakrobatin",Arosa
29,"Hans Flütsch, Wintermehrkämpfer",Arosa
30,"Ueli Fritz, Musher",Arosa
31,"Beni Führer, Skirennfahrer",Arosa
32,"Jürg Gadient, Skirennfahrer ",Arosa
33,"Werner Geeser, Skilangläufer",Arosa
34,"Roland Habisreutinger, Eishockeyspieler und -trainer",Arosa
35,"Ruedi Homberger, Bergsteiger und Fotograf",Arosa
36,"Heini Klotz, Skirennfahrer",Arosa
37,"Guido Lindemann, Eishockeyspieler",Arosa
38,"Kim Lindemann, Eishockeyspieler",Arosa
39,"Markus Lindemann, Eishockeyspieler",Arosa
40,"Sven Lindemann, Eishockeyspieler",Arosa
41,"Heini Lohrer, Eishockeyspieler",Arosa
42,"Werner Lohrer, Eishockeyspieler",Arosa
43,"Werner Mattle, Skirennfahrer",Arosa
44,"Jöri Mattli, Eishockeyspieler",Arosa
45,"Michael Meier, Eishockeyspieler",Arosa
46,"Engelhard Pargätzi, Skirennfahrer",Arosa
47,"Guido Pfosi, Eishockeyspieler ",Arosa
48,"Gebi Poltera, Eishockeyspieler",Arosa
49,"Ueli Poltera, Eishockeyspieler",Arosa
50,"Andreas Ritsch, Eishockeyspieler",Arosa
51,"Yvonne Rüegg, Skirennfahrerin",Arosa
52,"Hans Schmid, Eishockeyspieler und promovierter Zoologe",Arosa
53,"Lorenzo Schmid, Eishockeyspieler",Arosa
54,"Peter Schwendener, Skirennfahrer",Arosa
55,"Gian Simmen, Snowboarder",Arosa
56,"Heini Staub, Eishockeyspieler",Arosa
57,"Roger Staub, Skirennfahrer und Eishockeyspieler",Arosa
58,"Charles Stoffel, Bobfahrer und Reiter",Arosa
59,"Hans Martin Trepp, Eishockeyspieler",Arosa
60,"Isabel Waidacher, Eishockeyspielerin",Arosa
61,"Ludwig Waidacher junior, Eishockeyspieler",Arosa
62,"Ludwig Waidacher senior, Eishockeyspieler",Arosa
63,"Monika Waidacher, Eishockeyspielerin",Arosa
64,"Nina Waidacher, Eishockeyspielerin ",Arosa
65,"Flury Zogg, Skirennfahrer",Arosa
66,"David Zogg, Skirennfahrer und Bergsteiger",Arosa
67,"Hans Hold, Politiker und Brigadier",Arosa
68,"Pascal Jenny, Kurdirektor",Arosa
69,"Karl-Heinz Kipp, Unternehmer",Arosa
70,"Livia Leu Agosti, Diplomatin",Arosa
71,"Claus Adolf Moser, Statistiker, Politiker",Arosa
72,"Jörg Blaurock (1492–1529), Mitbegründer der reformatorischen Täuferbewegung, wurde in Bonaduz geboren.",Bonaduz
73,"Die Familie de Latour (vom Turm) zählte von 1473 bis 1900 neben den von Castelberg in Disentis und de Mont in Vella zu den bedeutendsten Familien der Surselva. Sie waren Offiziere in französischen Diensten, seit dem 15. Jahrhundert ausgebildete Juristen und Politiker des Cadi, des Grauen Bundes und des Kantons Graubünden.",Breil/Brigels
74,"Caspar Theodosius de Latour (1782–1855), päpstlicher General",Breil/Brigels
75,"Giacun Hasper Muoth (1844–1906), surselvischer Dichter und Historiograph",Breil/Brigels
76,"Sep Mudest Nay (1892–1945), surselvischer Dichter",Breil/Brigels
77,"Bernard Cathomas (* 1946), Sprachwissenschaftler",Breil/Brigels
78,"Arno Camenisch (* 1978), surselvischer Dichter",Breil/Brigels
79,"Franz Cahannes, (1951–2021), ehemaliger Zürcher Kantonsrat und SP-PolitikerDie Persönlichkeiten der ehemaligen Gemeinden Andiast und Waltensburg/Vuorz siehe dort.",Breil/Brigels
80,"Familie MolinaAntonio Molina (* 1530 in Buseno; † nach 1567 ebenda), Oberbürgermeister in Traona (1565–1567)",Buseno
81,"Orazio Molina (* um 1550 in Buseno † nach 1603 ebenda), studierte an der Sorbonne, Paris, öffentlicher Notar seit 1577, Oberbürgermeister in Traona (1601–1603)",Buseno
82,"Antonio Molina (* um 1585 in Buseno; † nach 29. Dezember 1650 ebenda), Sohn des Orazio, studierte in Paris, Oberst im Dienst Frankreichs, Oberbürgermeister im Traona (1613–1615), Landvogt in Maienfeld (1630–1631) (1641–1643)Francesco Fumo (* 5. Dezember 1678 in Buseno; † nach 1749 ebenda), Schwiegersohn von Architekten Giovanni Spazzi aus Lanzo d’Intelvi, Stuckateur in Polen",Buseno
83,"Johann Anton Rizzi (1825–1868), Porträtmaler und Kirchenmaler",Cazis
84,"Wilhelm Maria Rizzi (1802–1858), Porträtmaler und Kirchenmaler",Cazis
85,"Jan Peider Danz (* um 1575 – 1620), 1600–1601 reformierter Pfarrer in Celerina",Celerina/Schlarigna
86,"Antonio Frizzoni (* 1754 in Celerina; † 1835 in Bergamo), Sohn des Antonio, Kaufmann, Wohltäter",Celerina/Schlarigna
87,"Thomas Frizzoni (* 1760 in Celerina; † 1845 in Bergamo), Maler und Mechaniker",Celerina/Schlarigna
88,"Zaccaria Pallioppi (1820–1873), Jurist und Sprachforscher",Celerina/Schlarigna
89,"Giovannes Mathis (1824–1912), rätoromanischer Schriftsteller",Celerina/Schlarigna
90,"Paul Rée (1849–1901 in Celerina), empiristischer Philosoph und Arzt",Celerina/Schlarigna
91,"Reto R. Bezzola (1898–1983), Romanist und Herausgeber eines Standardwörterbuchs",Celerina/Schlarigna
92,"Vitale Ganzoni (* 1915 in Promontogno) (Bürgerort Celerina/Schlarigna), Maler, Holzbildhauer",Celerina/Schlarigna
93,"Peter Issler (1922–2010), Architekt",Celerina/Schlarigna
94,"Giuliano Pedretti (1924–2012), Zeichner, Sgraffitokünstler und Bildhauer",Celerina/Schlarigna
95,"Gian Pedretti (* 1926), Plastiker, Maler und Schriftsteller",Celerina/Schlarigna
96,"Erica Pedretti (1930–2022), Schriftstellerin, Objektkünstlerin und Malerin",Celerina/Schlarigna
97,"Rem Koolhaas (* 1944), Architekt",Celerina/Schlarigna
98,"Nico Baracchi (1957–2015), Skeleton- und Bobpilot",Celerina/Schlarigna
99,"Barbara Hosch (* 1980), Skeletonpilotin",Celerina/Schlarigna
100,"Samuel Plattner (1838–1908), Jurist, Journalist und Bühnenautor",Churwalden
101,"Friedrich Brügger (* 21. März 1854 in Churwalden; † 29. Januar 1930 in Chur), Schweizer Korpskommandant",Churwalden
102,"Heini Hemmi (* 17. Januar 1949 in Churwalden), ehemaliger Schweizer Skirennfahrer und Olympiasieger",Churwalden
103,"Lucius Burckhardt (1925–2003), Soziologe und Nationalökonom",Davos
104,"Carl Dorno (1865–1942), Naturforscher und Gründer des PMOD",Davos
105,"Peter Heintz (1920–1983), Soziologe, Gründer des Soziologischen Instituts der Universität Zürich",Davos
106,Marianne Leuzinger-Bohleber (* 1947) Psychoanalytikerin,Davos
107,"Jan Schulze (* 1942), Mediziner, Hochschullehrer, ärztlicher Standespolitiker",Davos
108,"Walter Siegenthaler (1923–2010), Mediziner",Davos
109,"Alexander Spengler (1827–1901), Arzt",Davos
110,"Carl Spengler (1860–1937), Arzt und Eishockeyspieler und Stifter des Spenglercup",Davos
111,"Lucius Spengler (1858–1923), Arzt",Davos
112,"Martin Accola (1928–2012), Geistlicher",Davos
113,"Philipp Bauknecht (1884–1933), Künstler",Davos
114,"Pascal Bergamin (* 1979), Filmemacher",Davos
115,"Valentin Bühler (1835–1912), Jurist; Verfasser des ersten Wörterbuchs über die Mundart von Davos",Davos
116,"Conradin Clavuot (* 1962), Architekt",Davos
117,"Beatrice Obrecht Delgado (* 1966), Sängerin",Davos
118,"Hans Domenig (* 1934), Pfarrer",Davos
119,"Juri Elperin (1917–2015), russisch-deutscher Übersetzer",Davos
120,"Andreas Fabricius, (um 1480; † 1552), Reformator",Davos
121,"Jürg Federspiel (1931–2007), Schriftsteller",Davos
122,"Helene Fischer (1900–1978), Fotografin",Davos
123,"Marc Forster (* 1969), Regisseur, Ehrenbürger von Davos",Davos
124,"Ernst Haefliger (1919–2007), Tenor",Davos
125,"Conrad Jon Godly (* 1962), Künstler",Davos
126,"Urs Gredig (* 1970), Journalist und Fernsehmoderator",Davos
127,"Lise Gujer (1893–1967), Textilkünstlerin",Davos
128,"Thomas Hirschhorn (* 1957), Künstler",Davos
129,"Arthur Honegger (* 1979), Journalist, Moderator und Autor",Davos
130,"Franz Holper (1862–1935), Künstler",Davos
131,"Roman Norbert Ketterer (1911–2002; Auktionator, Galerist, Kunsthändler, Ehrenbürger) und seine Ehefrau Rosemarie",Davos
132,"Klabund (1890–1928), Schriftsteller",Davos
133,"Ernst Ludwig Kirchner (1880–1938), Künstler",Davos
134,"Eberhard W. Kornfeld (* 1923), Kunstsammler, Kunsthändler und Ehrenbürger der Landschaft Davos",Davos
135,"Emil Meerkämper (1877–1948), Fotograf",Davos
136,"Leonhard Meisser (1803–1872), Geistlicher und Kirchenlieddichter",Davos
137,"Robert Louis Stevenson (1850–1894), Schriftsteller",Davos
138,"Erwin Poeschel (1884–1965), Kunsthistoriker",Davos
139,"Peter Studer (* 1935), Jurist und Publizist",Davos
140,"Sophie Taeuber-Arp (1889–1943), Künstlerin",Davos
141,"Hans Valär (1871–1947), Architekt und Kurdirektor; Verfasser von Mundartliteratur",Davos
142,"Martina Accola (* 1969), Skirennfahrerin",Davos
143,"Paul Accola (* 1967), Skirennfahrer",Davos
144,"Andres Ambühl (* 1983), Eishockeyspieler",Davos
145,"Hans Dürst (1921–2001), und Walter «Watschga» Dürst (1927–2016), Eishockeyspieler",Davos
146,"Kim Gubser (* 2000), Freestyle-Skier",Davos
147,"Christian Haller (* 1989), Snowboarder",Davos
148,"Konstantin Harter (1925–2013), Eishockeyspieler",Davos
149,"Beni Hofer (* 1978), Skirennfahrer",Davos
150,"Ambrosi Hoffmann (* 1977), Skirennfahrer",Davos
151,"Markus «Mä» Keller (* 1982), Snowboarder",Davos
152,"Philipp Kurashev (* 1999), Eishockeyspieler",Davos
153,"Milena Meisser (* 1979), Snowboarderin",Davos
154,"Daniela Meuli (* 1981), Snowboarderin",Davos
155,"Stefanie Müller (* 1992), Snowboarderin",Davos
156,"Jan Neuenschwander (* 1993), Eishockeyspieler",Davos
157,"Ernst Reiss (1920–2010), Bergsteiger",Davos
158,"Carmen Schäfer (* 1981), Curlerin",Davos
159,"Andrea Senteler (* 1977), Skilangläufer",Davos
160,"Bibi Torriani (1911–1988), sowie die Gebrüder Hans Cattini (1914–1987) und «Pic» Cattini (1916–1969), bekannt als ni-Sturm, Eishockeyspieler",Davos
161,"Thomas Wellinger (* 1988), Eishockeyspieler",Davos
162,"Tarzisius Caviezel (* 1954), Landammann Davos, Nationalrat, Manager und Eischockeyfunktionär",Davos
163,"Johannes Guler von Wyneck (1562–1637), Chronist, Offizier und Landammann",Davos
164,"Willem Jan Holsboer (1834–1898), Hotelier, Erbauer der RhB und Grossrat",Davos
165,"Johann Luzius Isler (1810–1877), Bündner Konditor und Unternehmer",Davos
166,"Gaudenz Issler (1853–1942), Baumeister und Landammann",Davos
167,"Andreas Laely (1864–1955), Politiker, Redaktor und Lokalhistoriker",Davos
168,"Hilde Schwab (* 1946), Ehrenbürgerin",Davos
169,"Klaus Schwab (* 1938), Gründer des Weltwirtschaftsforum, Ehrenbürger",Davos
170,"Fortunat Sprecher (1585–1647), Jurist, Diplomat und Chronist",Davos
171,"Ursula Wyss (* 1973), Politikerin",Davos
172,"Jakob Bundi (1565–1614), Abt von Kloster Disentis",Disentis/Mustér
173,"Placidus a Spescha (1752–1833), Benediktinerpater",Disentis/Mustér
174,"Placi Condrau (1819–1902), Politiker",Disentis/Mustér
175,"Duri Sialm (1891–1961), Komponist",Disentis/Mustér
176,"Flurin Maissen (1906–1999), Benediktinerpater",Disentis/Mustér
177,"Pankraz Winiker (1925–2013), Abt von Kloster Disentis",Disentis/Mustér
178,"Walter Wittmann (1935–2016), Wirtschaftswissenschaftler",Disentis/Mustér
179,"Dumeni Columberg (* 1941), Politiker",Disentis/Mustér
180,"Gion Antoni Bühler (1825–1897), Autor, Sprachpfleger, Lehrer",Domat/Ems
181,"Dominikus Willi OCist (1844–1913), Abt von Marienstatt, Bischof von Limburg",Domat/Ems
182,"Giulio Haas (* 1956), Diplomat",Domat/Ems
183,"Flurin Spescha (1958–2000), Autor und Publizist, hier geboren",Domat/Ems
184,"Hendri Spescha (1928–1982), Autor und Politiker",Domat/Ems
185,"Mauro Jörg (* 1990), Eishockeyspieler",Domat/Ems
186,"Bartholomäus Anhorn der Ältere (1566–1642), evangelisch-reformierter Pfarrer und Historiker in Graubünden und Appenzell, in Fläsch 1586–1612",Fläsch
187,"Bartholomäus Anhorn der Jüngere (1616–1700), evangelisch-reformierter Pfarrer und Historiker in Graubünden, Appenzell, St. Gallen, Pfalz, Thurgau und Zürich",Fläsch
188,"Köbi Gantenbein (* 1956), Journalist, Buchautor, Chefredaktor Hochparterre und Verleger",Fläsch
189,"Andreas Caminada (* 1977), Koch, wohnte bis 2019 in Fläsch",Fläsch
190,"Johann Anton Caflisch (1860–1925), Jurist und Politiker",Flerden
191,"Martin Accola (1928–2012), Pfarrer und Dekan der reformierten Bündnerkirche",Flims
192,"Sina Candrian (* 1988), Snowboarderin",Flims
193,"Hans von Capol (1470–1560), Hauptmann, Ammann von Flims und Landrichter",Flims
194,"Wolf von Capol (1473–1563), Müller und Ammann von Flims",Flims
195,Gian Fontana (1897–1935) Schriftsteller,Flims
196,"Stefan Gabriel (1570–1638), evangelisch-reformierter Pfarrer in Flims 1593–1599 und Begründer der rätoromanischen Schriftsprache des surselvischen Idioms",Flims
197,"Lucius Gabriel (1597–1663), evangelisch-reformierter Pfarrer in Flims 1632–1638 und 1638–1663 und Bibelübersetzer in die rätoromanische Schriftsprache des surselvischen Idioms",Flims
198,"Jules Geiger (1898–1987), Fotograf und Postkartenverlag",Flims
199,"Reto Gurtner (* 1955), Ökonom, Jurist und Tourismus-Unternehmer",Flims
200,"Theodore Garbade (1873–1961), Bankier, Präsident des Verbandes der Zigarrenhersteller Kubas",Flims
201,"Rainer Küschall (* 1947), mehrfacher Paralympics-Gewinner, Weltmeister, Rennfahrer und Rollstuhldesigner, wuchs in Flims auf",Flims
202,"Oreste Olgiati (* 23. April 1869 in Poschiavo; † 3. Oktober 1920 in Flims), Bündner Grossrat, Stadtpräsident von Chur, Regierungsrat",Flims
203,"Rudolf Olgiati (1910–1995), Architekt in Flims",Flims
204,"Valerio Olgiati (* 1958), Architekt und Architekturprofessor",Flims
205,"Andri Ragettli (* 1998), Freeskier",Flims
206,"Daniel Schmid (1941–2006), Filmemacher, wuchs im Hotel Schweizerhof auf",Flims
207,"August Schröder (1908–1993), Landesarchivar im LWL-Archivamt für Westfalen in Münster, Träger des Bundesverdienstkreuzes, die Stadt Fürstenau verlieh ihm die Ehrenbürgerschaft, in Hollenstede geboren",Fürstenau
208,"Bernhard Süskind (1921–2018), Opfer des Nationalsozialismus, Ehrenbürger von Fürstenau",Fürstenau
209,"Hinrich Just Müller (1740–1811), überregional bekannter Orgelbauer",Fürstenau
210,"August von Eye (1825–1896), Dichter, Philosoph, Schriftsteller, Kultur- und Kunsthistoriker und Maler",Fürstenau
211,"Wilhelm Varenhorst (1865–1944), Jurist und Politiker (DRP)",Fürstenau
212,"Bernhard Haverkamp (1875–1935), Kaufmann und Politiker (Zentrum)",Fürstenau
213,"Wilhelm Canenbley (1901–1973), Landwirtschaftsfunktionär",Fürstenau
214,"Franz Berding (1915–2010), Politiker (CDU), 1966 war er Landesminister in Nordrhein-Westfalen, zwischen 1969 und 1972 Bundestagsmitglied",Fürstenau
215,"Ida Raming (* 1932), katholische Theologin und Autorin",Fürstenau
216,"Reinhard Freiherr von Schorlemer (* 1938), Land- und Forstwirt, Politiker (CDU), von 1980 bis 2002 Bundestagsmitglied sowie von 1988 bis 1992 Präsident der Schutzgemeinschaft Deutscher Wald (SDW)",Fürstenau
217,"Willi Reimann (* 1949), Fußballprofi und Trainer",Fürstenau
218,"Karl-Heinz Menke (* 1950), Theologe, Priester und Seelsorger, Professor für Dogmatik und Theologische Propädeutik an der Katholisch-Theologischen Fakultät der Universität Bonn",Fürstenau
219,"Uwe Jursch (* 1963), Fußballprofi beim VfL Osnabrück und Hannover 96, mit Hannover 96 wurde er 1992 DFB-Pokalsieger",Fürstenau
220,"Oda Thormeyer (* 1964), Schauspielerin",Fürstenau
221,"Dirk van den Boom (* 1966), Schriftsteller",Fürstenau
222,"Personen, die mit der Stadt in Verbindung stehen",Fürstenau
223,"Gottfried von Arnsberg (um 1285–1363), Bischof von Osnabrück und Bremen und gründete die Burg Fürstenau",Fürstenau
224,"Heinrich II. von Moers (vermutlich 1391–1450), Bischof von Münster und Osnabrück und erkor Fürstenau zu seiner Residenz",Fürstenau
225,"Erich von Braunschweig-Grubenhagen (1478–1532), von 1508 bis 1532 Fürstbischof von Paderborn und Osnabrück und im Jahr 1532 gewählter Bischof von Münster, er verstarb in seiner Fürstenauer Residenz",Fürstenau
226,"Konrad III. von Diepholz (1424–1482), von 1455 bis 1482 Bischof von Osnabrück, verstarb in Fürstenau",Fürstenau
227,"Franz von Waldeck (wahrscheinlich 1491–1553), ab 1532 Bischof von Osnabrück und Münster, Administrator von Minden und Kölner Domherr",Fürstenau
228,"Konrad VI. (Rietberg) († 1508), Bischof von Münster und Osnabrück",Fürstenau
229,"Johann II. von Hoya (1529–1574), Fürstbischof von Osnabrück, Münster und Paderborn, die Fürstenauer Burg erweiterte er zu einem Schloss mit Parkanlagen, das sein ständiger Wohnsitz war",Fürstenau
230,"Heinrich von Sachsen-Lauenburg (1550–1585), Erzfürstbischof von Bremen (Heinrich III.), Fürstbischof von Osnabrück (Heinrich II.) und von Paderborn (Heinrich IV.)",Fürstenau
231,"Bernhard von Waldeck (1561–1591), Bischof von Osnabrück",Fürstenau
232,"Philipp Sigismund von Braunschweig-Wolfenbüttel (1568–1623), Fürstbischof von Osnabrück und Verden",Fürstenau
233,"Hans Christoph von Königsmarck (1600–1663), Heerführer in schwedischen Diensten und belagerte 1647 Fürstenau",Fürstenau
234,"Michael Wilhelm Kobolt von Tambach († 1667), Militärkommandant und Drost von Fürstenau, er leitete 1637 die Verteidigung Fürstenaus gegen den Landgrafen Wilhelm von Hessen",Fürstenau
235,"Günter Sponheuer (* 1945), freischaffender Maler und Diplom-Designer",Fürstenau
236,"Dirk Hafemeister (1958–2017), Reitprofi, bei den Olympischen Sommerspielen 1988 in Seoul gewann er eine Goldmedaille im „Springreiten Mannschaft Mixed“, ein weiterer Erfolg mit der Deutschen Springreiter Equipe ist der Weltmeistertitel 1994",Fürstenau
237,"Luciana Diniz (* 1970), wohnte und trainierte ein paar Jahre lang in Schwagstorf, Brasilianische Springreiterin und Teilnehmerin der Olympischen Sommerspiele 2004 in Athen und bei der Weltmeisterschaft 1994 in Den Haag",Fürstenau
238,"Doris Achelwilm (* 1976), Journalistin, Politikerin (Die Linke) und Bundestagsabgeordnete, aufgewachsen in Hollenstede",Fürstenau
239,"Simon Herrmann (* 1985), er ist im Wasserski bislang zweifacher Europameister 2003, Deutscher Meister im Slalom und Weltmeister im Slalom 2008, er trug sich im Jahre 2004 ins Goldene Buch der Stadt Fürstenau ein",Fürstenau
240,Familie de Sacco,Grono
241,"Giacomo de Sacco (* um 1480 in Grono; † nach 1519), Podestà in Traona.",Grono
242,"Giovanni Pietro de Sacco (* um 1500 in Grono; † 1552 ebenda), Hauptmann, Vikar im Sondrio (1537–1539)",Grono
243,"Filippo de Sacco (* um 1640 in Grono; † nach 1687 ebenda), Oberbürgermeister in Piuro (1685–1687)",Grono
244,"Enrico de Sacco (* um 1740 in Grono; † nach 1783 ebenda), aus Grono, Landvogt im Maienfeld (1781–1783)",Grono
245,"Familie Tognola, eröffnete im 19. Jahrhundert in Grono eine BierbrauereiGiacomo Tognola (* um 1560 in Grono; † nach 1611 ebenda), Notar, Landvogt im Maienfeld (1609–1611)",Grono
246,"Pietro Tognola (* um 1710 in Grono; † nach 1759 ebenda), Oberbürgermeister in Bormio (1757–1759)",Grono
247,"Pietro Luigi Vitale Tognola (* um 1730 in Grono; † nach 1777 ebenda), Oberbürgermeister in Bormio (1775–1777)",Grono
248,"Gaspare Tognola (* 1874 in Grono; † 1950 ebenda), Autor",Grono
249,"Giorgio Tognola (* 1941 in Grono), Sekundarlehrer, Lokalhistoriker, Autor, wohnt in Bedano, Präsident der Fondazione Archivio a Marca",Grono
250,"Lulo (Giulio) Tognola (* 6. September 1947 in Grono), Graphiker, IllustratorBaldassare Splendore (* um 1620 in Grono; † nach 1657 ebenda), Oberbürgermeister in Bormio (1655–1657)",Grono
251,"Giuseppe Filippo Nisoli (* um 1720 in Grono; † nach 1767 ebenda), Oberbürgermeister in Tirano (1765–1767).",Grono
252,"Aurelio Bianchi-Giovini (1799–1862), Journalist",Grono
253,"Silvio Giovanoli (* 5. August 1902 in Chur; † 2. März 1981 ebenda), aus Soglio GR, Ehrenbürger von Grono, Bundesrichter",Grono
254,"Bartholomäus Anhorn der Jüngere (1616–1700), 1634 evangelisch-reformierter Pfarrer und Historiker in Grüsch",Grüsch
255,"Jakob Rudolf Truog (1865–1953), Pfarrer in Jenaz, Kirchenhistoriker",Jenaz
256,"Ladina Bordoli (* 1984), Autorin",Jenaz
257,"Johannes Hitz (1772–1838), Klosterser Landammann, Verwalter und Pächter des Bergwerks Silberberg in Davos. Hat die Zinkgewinnung in den USA eingeführt.",Klosters
258,"Hans (John) Hitz (1797–1864), (Sohn von Johannes) Bergbauingenieur und Generalkonsul der Schweiz in den USA von 1853–1864",Klosters
259,"Johann Rudolf Brosi (1801–1877), Ständerat und Bundesrichter",Klosters
260,"Hermann Huber (1888–1967), Maler, Freskant, Zeichner, Radierer und Lithograf. Mit Eveline Huber-Grisebach, wohnhaft in Klosters-Dorf und Schwendi, Monbiel  1918–1925",Klosters
261,"Liliana Brosi (* 28. November 1934 in Cantù), Malerin, Grafikerin, Zeichnerin und Galeristin",Klosters
262,"Anton Allemann (1936–2008), Fussballspieler",Klosters
263,"Beat Bolliger (1941–2008), Koch",Klosters
264,"Josef Minsch (1941–2008), Skirennfahrer",Klosters
265,"Heinz Brand (* 1955), Nationalrat ab 2011",Klosters
266,"Markus Huppenbauer (1958–2020), Ethiker und Hochschullehrer",Klosters
267,"Coni Allemann (* 1963), Musiker, Schriftsteller, Kabarettist",Klosters
268,"Seraina Boner (* 1982), Skilangläuferin",Klosters
269,"Gian-Andrea Thöny (* 1992), Eishockeyspieler",Klosters
270,"Nicolin Sererhard (1689–1756), reformierter Pfarrer und Chronist",Küblis
271,"Nina Caprez (* 1986), Sportkletterin",Küblis
272,"Marc Wieser (* 1987), Eishockeyspieler",Küblis
273,"Dino Wieser (* 1989), Eishockeyspieler",Küblis
274,"Harry Braillard (* 1999), Unihockeyspieler",Küblis
275,"Hans Ardüser (1557 – nach 1614), Bündner Wandermaler, Lehrer und Chronist",Lantsch/Lenz
276,"Joseph Michael Willi (1824–1897), Jesuit, Missionar und Pädagoge",Lantsch/Lenz
277,"Anton Thaddäus von Sumerau (1697–1771), erster Regierungspräsident Vorderösterreichs",Lantsch/Lenz
278,"Philipp Gallicius (1504–1566), Theologe, Reformator und Kirchenlieddichter; als Kaplan 1524–1526 in La Punt Chamues-ch",La Punt Chamues-ch
279,Familie Albertini,La Punt Chamues-ch
280,"Jakob Albertini (* um 1575 in La Punt; † 1624 ebenda), Doktor beider Rechte, war einer von den fünf reformierten Bündnern, die 1620 dem Veltlinermord in Tirano entgingen.",La Punt Chamues-ch
281,"Jakob Ulrich Albertini (1630–1697), Sohn des Hauptmanns Ulrich, Doctor juris, veröffentlichte 1675 Trattato dei casi di coscienza.",La Punt Chamues-ch
282,"Jakob Ulrich Albertini (1667–1726), Sohn des Jacob Ulrich, trat 1686 in spanische Kriegsdienste. 1695 wurde er Oberst des in spanischen Diensten stehenden Bündnerregiments.",La Punt Chamues-ch
283,"Johann Baptist Albertini (1769–1831), Sohn des Hauptmanns Jakob Ulrich, der 1763 nach Neuwied zog und sich dort der Herrnhuter Brüdergemeine anschloss. Er trat 1782 als Zögling in das Pädagogium in Niesky und 1785 in das theologische Seminar zu Barby ein.",La Punt Chamues-ch
284,"Christoph Albertini (* Februar 1776 in La Punt; † 23. Dezember 1848 in Chur), Sohn des Landeshauptmanns Peter, Präsident des Gotteshausbundes und Bürgermeister von Chur.",La Punt Chamues-ch
285,"Jacques Albertini (* 21. März 1861 in Punt Chamues; †), studierte in Zürich, München, Pisa, Jena und Berlin und wurde 1887 zum Doktor juris promoviert; 1909 Oberst der Infanterie; 1913 Grossratsabgeordneter dea Kreises Oberengadin.",La Punt Chamues-ch
286,"Martina Linn, Musikerin",La Punt Chamues-ch
287,Familie Jacomella aus Lostallo,Lostallo
288,Familie Tonella aus Cabbiolo,Lostallo
289,"Franco Binda (* 1925 in Lostallo; † 23. August 2019 in Locarno), er gründete den Museo della Valle Verzasca, Forscher, Lokalarchäolog, Publizist",Lostallo
290,"Gerry Mottis (* 14. Oktober 1975 in Locarno), Dozent in Giubiasco und Roveredo GR, Dichter, Schriftsteller und Dramaturg, wohnt in Lostallo und Rivera TI",Lostallo
291,"Fabiana Mottis (* 9. August 2003), Volleyballspielerin (Rookie of the Year 2021), Nomination zur «Bündner Sportlerin des Jahres» 2022, aufgewachsen in Lostallo",Lostallo
292,"Georg Fient (1845–1915), Lehrer, Beamter, Zeitungsredaktor und Mundartschriftsteller",Luzein
293,"Johannes Comander (um 1484–1557), Theologe und Reformator",Maienfeld
294,"Hortensia Gugelberg von Moos (1659–1715), Ärztin und Schriftstellerin",Maienfeld
295,"Michael Kuoni (1839–1891), Chef des Eidg. Telegraphenbüros und Mundartautor",Maienfeld
296,"Theophil Sprecher von Bernegg (1850–1927), Generalstabschef der Schweizerischen Armee während des Ersten Weltkrieges",Maienfeld
297,"Hermann Mooser (1891–1971), Biologe und Mediziner",Maienfeld
298,"Fritz Tanner (1923–1996), Theologe und Eheberater",Maienfeld
299,"Konrad Grebel (1498–1526), Mitbegründer der Täuferbewegung, verstarb in Maienfeld an der Pest",Maienfeld
300,"Johann Conrad Meyer (1544–18. Juni 1604), Bürgermeister in Schaffhausen, flüchtete nach einem Konkurs nach Maienfeld und wurde Schullehrer",Maienfeld
301,"Bartholomäus Anhorn der Ältere (1566–1642), evangelisch-reformierter Pfarrer und Historiker in Graubünden und Appenzell, in Maienfeld 1596–1621",Maienfeld
302,"Antonio Molina (* um 1585 in Buseno; † nach 29. Dezember 1650 ebenda), Sohn des Orazio, studierte in Paris, Oberst im Dienst der Franzosen, Oberbürgermeister im Traona (1613–1615), Landvogt im Maienfeld (1630–1631) (1641–1643)",Maienfeld
303,"John Knittel (1891–1970), Schriftsteller, lebte nach 1938 in Maienfeld",Maienfeld
304,"Hansjörg Trachsel (* 1948), Politiker, wohnt in Maienfeld",Maienfeld
305,"Armon Orlik (* 1995), Schwinger, wohnt in Maienfeld",Maienfeld
306,"Petrus Domenicus Rosius à Porta (1734–1806), reformierter Pfarrer in Masein 1757–1758 und Kirchenhistoriker",Masein
307,"Peter Anton Feldscher (1889–1979), Jurist und Diplomat",Masein
308,"Gian Marchet Colani (1772–1837), legendärer Jäger und Büchsenmacher",Pontresina
309,"Wilhelm Conrad Röntgen (1845–1923), Nobelpreisträger für Physik; er verbrachte oft hier seine Sommerurlaube",Pontresina
310,"Konstantin I. (Griechenland) (1868–1923), König von Griechenland; er erkrankte hier 1917",Pontresina
311,"Otto Kober (* 1. März 1935 in Pontresina) (Bürgerort La Punt Chamues-ch), Maler, Architekt, Zeichner, Lithograf",Pontresina
312,"Beat Anton Rüttimann (* 1967),  Schweizer Brückenbauer, der in Lateinamerika und Südostasien tätig ist. Tausende von Menschen in Süd- und Zentralamerika kennen ihn als Toni el Suizo.",Pontresina
313,"Jessica Pünchera (* 1982), Skirennfahrerin",Pontresina
314,"Curdin Perl (* 1984), Skilangläufer",Pontresina
315,"Christian Rathgeb (* 1970), Politiker (FDP), Ehrenbürger der Bürgergemeinde Rhäzüns",Rhäzüns
316,"Friedrich Schaltegger (1851–1936), nachmals Thurgauer Kantonsarchivar und -bibliothekar, war 1879–1888 Pfarrer in Safien",Safiental
317,"Daniel Badraun (* 1960), Schriftsteller und Kleinklassenlehrer",Samedan
318,"Johannes Badrutt (1819–1889), Hotelier",Samedan
319,"Oskar Bernhard (1861–1939), Heliotherapeut, Arzt, Mäzen",Samedan
320,"Jachiam Tütschett Bifrun (1506–1572), Jurist, Notar, Landammann, Richter und erster Bibelübersetzer in die oberengadinische Sprache",Samedan
321,"Duri Camichel (1982–2015), Eishockeyspieler",Samedan
322,"Werner Camichel (1945–2006), Bobfahrer",Samedan
323,"Selina Chönz (1910–2000), Autorin",Samedan
324,"Marco Cortesi (* 1956), Polizeibeamter und Mediensprecher",Samedan
325,"Gianina Ernst (* 1998), Skispringerin",Samedan
326,"Urs Frey (1960–2008), Dokumentarfilmer",Samedan
327,"Seraina Friedli (* 1993), Fussballspielerin",Samedan
328,"Jole Galli (* 1995), italienische Skirennläuferin und Freestyle-Skierin",Samedan
329,"Aita Gasparin (* 1994), Biathletin",Samedan
330,"Elisa Gasparin (* 1991), Biathletin",Samedan
331,"Selina Gasparin (* 1984), Biathletin",Samedan
332,"Michelle Gisin (* 1993), Skirennfahrerin",Samedan
333,"Bianca Gisler (* 2003), Snowboarderin",Samedan
334,"Mark Hardy (* 1959), kanadischer Eishockeyspieler",Samedan
335,"Gerold Hilty (1927–2014), Sprachwissenschafter und Hochschullehrer",Samedan
336,"Andrea Huber (* 1975), Skilangläuferin",Samedan
337,"Jörg Jenatsch (1596–1639), Pfarrer und Militärführer",Samedan
338,"Steivan Liun Könz (1940–1998), Zeichner, Radierer und Sgraffitokünstler",Samedan
339,"Reto Lamm (* 1970), Freestyle-Snowboarder",Samedan
340,"Ursina Lardi (* 1970), Schauspielerin",Samedan
341,"Oscar Mayer (1916–2011), Politiker",Samedan
342,"Domenica Messmer (1902–1988), Schriftstellerin, Übersetzerin und Redakteurin",Samedan
343,"Claudio Micheli (* 1970), Eishockeyspieler",Samedan
344,"Seraina Mischol (* 1981), Skilangläuferin",Samedan
345,"Andrea Robbi (1864–1945), Maler",Samedan
346,"Giovanni Segantini (1858–1899), Maler",Samedan
347,"Pietro Paolo Vergerio (1498–1565), italienischer Reformator und Prediger in Samedan 1549–1553",Samedan
348,"Valeria Zangger (* 1985), Jazzmusikerin",Samedan
349,"Célina Hangl (* 1989), Skirennfahrerin",Samnaun
350,"Marco Hangl (* 1967), Skirennfahrer",Samnaun
351,"Martin Hangl (* 1962), Skirennfahrer",Samnaun
352,"Thomas Tumler (* 1989), Skirennfahrer",Samnaun
353,"Petrus Domenicus Rosius à Porta (1734–1806), reformierter Pfarrer in S-chanf 1765–1771 und Kirchenhistoriker",S-chanf
354,"Laurent-Théodore Biett (1781–1840), Dermatologe in Paris",S-chanf
355,"Otto Barblan (1860–1943), Komponist, Organist und Musikpädagoge",S-chanf
356,"Anton Christoffel (* 7. Oktober 1871 in S-chanf; † 4. August 1953 in Zürich), Maler und GrafikerChristoffel, Anton. In: Sikart",S-chanf
357,"Paolo Gir (* 3. Mai 1918 in S-chanf; † 7. Mai 2013 in Chur), Schriftsteller, Dichter, Essayist, Publizist, Übersetzer, 1957–1977 Präsident der Sektion Chur der Pro Grigioni Italiano, Cavaliere della Repubblica Italiana",S-chanf
358,"Romedi Arquint (* 1943), reformierter Pfarrer, Lehrer und Politiker",S-chanf
359,"Corsin Simeon (* 1986), Snowboarder",S-chanf
360,"Bernardo da Poschiavo (* um 1475 in Scharans ?; † nach 1522 in Ramosch), Baumeister",Scharans
361,"Philipp Gallicius (1504–1566), Reformierter Pfarrer, Reformator und Liederdichter, um 1530 in Scharans",Scharans
362,"Jörg Jenatsch (1596–1639), Bündner Politiker und Heerführer, Prädikant 1617–1618 und evangelischer Pfarrer 1628–1630 in Scharans",Scharans
363,"Florian Cajori (1859–1930), schweizerisch-US-amerikanischer Mathematiker und Mathematikhistoriker",Scharans
364,"Linard Bardill (* 1956), Liedermacher und Schriftsteller",Scharans
365,"Andrea Clavadetscher (* 1960), Radsportler",Schiers
366,"Theophil Forchhammer (1847–1923), Komponist, Organist und Kirchenmusiker",Schiers
367,"Eduard Imhof (1895–1986), Kartograf",Schiers
368,"Manuel Pleisch (* 1990), Skirennfahrer",Schiers
369,"Mathias Rüegg (* 1952), Pianist, Komponist, Arrangeur und Bandleader",Schiers
370,"Rudolf Schmid (1914–2012), Weihbischof im Bistum Augsburg",Schiers
371,"Andreas Victor Walser (* 1976), Althistoriker",Schiers
372,"Giacomo Rotondo (* um 1550 in Scuol; † nach 1613 ebenda), Baumeister, Architekt in Warschau",Scuol
373,"Ludwig Molitor (* um 1620 in Scuol; † 1683 in Latsch GR), reformierter Pfarrer, Kirchenlieddichter",Scuol
374,"Tumasch Rauch (* 22. Mai 1896 in Scuol; † 17. Februar 1979 ebenda), Musiker, Komponist und Bauer",Scuol
375,"Duri Bezzola (* 1942), Architekt und Nationalrat FdP",Scuol
376,"Clo Duri Bezzola (* 14. Juli 1945 in Scuol; † 2004), Schriftsteller",Scuol
377,"Nott Caviezel (* 1953 in Scuol), Kunsthistoriker und Universitätsprofessor",Scuol
378,"Barbara Janom Steiner (* 1963 in Scuol), Rechtsanwältin, BDP-Politikerin und Regierungsrätin",Scuol
379,"Bianca Mayer (Künstlername: Bibi Vaplan, * 1979 in Scuol), rätoromanische Musikerin und Sängerin",Scuol
380,"Bartholomäus Anhorn der Jüngere (1616–1700), evangelisch-reformierter Pfarrer und Historiker, 1634 in Seewis.",Seewis im Prättigau
381,"Michael Kuoni (1839–1891), Chef des Eidg. Telegraphenbüros und Mundartautor, lebte und wirkte in Seewis.",Seewis im Prättigau
382,"Peter Walser (1871–1938), reformierter Geistlicher, Schulleiter und Präsident des Schulrats, wurde in Seewies geboren.",Seewis im Prättigau
383,"Paul Held (1891–1953), Architekt und Grafiker, wurde in Seewis-Pardisla geboren.",Seewis im Prättigau
384,Thomas Conrad von Baldenstein (1784–1878) auf Schloss Bandenstein geborener Naturforscher der Vogelwelt der Alpen,Sils im Domleschg
385,"Arno Jehli (* 30. März 1950) ist ein Schweizer Musiker, Kapellmeister und Komponist.",Sils im Domleschg
386,"Die Lage und das Klima zogen schon viele prominente Persönlichkeiten an. Hermann Hesse war gerne hier, und vor allem Friedrich Nietzsche: Er verbrachte zwischen 1881 und 1888 (mit Ausnahme des Jahres 1882) sieben Sommer in Sils Maria und schuf dort einige seiner bedeutendsten Werke; er verbreitete den Ruf des Ortes und des Sees in aller Welt. Ihm bewahrt das Nietzsche-Haus in Sils Maria, in dem er während seiner Aufenthalte in einfachsten Verhältnissen logierte, als Museum und Forschungsstätte ein ehrendes Andenken. Nietzsche nannte ein Gedicht dem Ort zu Ehren Sils Maria:",Sils im Engadin/Segl
387,"Zahlreiche bekannte Persönlichkeiten waren als Gäste des Hotels Waldhaus in Sils (siehe dort sowie weiter unten). Weniger bekannt ist, dass Anne Frank 1935 und 1936 die Sommerferien mit ihrer wohlhabenden Pariser Tante Olga Spitzer in deren Anwesen unweit des Hotels verbrachte. Spät wurde auf private Initiative hin zur Erinnerung an sie vor der «Villa Spitzer» («Villa Laret») ein Denkmal errichtet.Der Maler Andrea Robbi stammte aus Sils und verbrachte einen grossen Teil seines Lebens in seinem Haus am Platz neben der Post. Der amerikanische Staatssekretär Fred Iklé wurde 1924 im Fextal geboren. Die Schriftstellerin, Journalistin und Fotografin Annemarie Schwarzenbach mietete ab 1934 das Haus Jäger in Sils Baselgia und starb dort 1942 nach einem Fahrradunfall. Der Agronom Andrea Sciuchetti wurde in Sils geboren, er war Direktor der Landwirtschaftliche Schule Plantahof in Chur und Präsident des Schweizerischen Braunviehzuchtverbands.Der Dirigent und Generalmusikdirektor Claudio Abbado wurde 2014 auf dem Friedhof in Fex-Crasta beigesetzt. Attilio Bivetti (* 1947 in Vicosoprano), war seit 1974 als Tierarzt im Oberengadin und Bergell tätig. Von 1994 bis 2008 war er Bürgermeister von Sils; er wirkte auch als Schriftsteller.",Sils im Engadin/Segl
388,"Jörg Jenatsch (1596–1639), Schweizer Pfarrer und Politiker",Silvaplana
389,"Jeremias Lorza (1757–1837), reformierter Pfarrer und Schulreformer",Silvaplana
390,"Johann Robby (1764–1830), Konditor und Zuckerbäcker",Silvaplana
391,"Andreas Grisch (1879–1952), Agrarwissenschaftler",Silvaplana
392,"Elvira Osirnig (1908–2000), Skirennfahrerin",Silvaplana
393,"Katharina von Salis (* 1940), Geologin, Orientierungsläuferin und Frauenrechtlerin",Silvaplana
394,"Johannes Badrutt (1819–1889), Hotelier",St. Moritz
395,"Peter Robert Berry (1864–1942), Arzt und Maler",St. Moritz
396,"Marc Berthod (* 1983), Skirennfahrer",St. Moritz
397,"Arno Del Curto (* 1956), ehem. Eishockeyspieler, Eishockeytrainer",St. Moritz
398,"Hans Peter Danuser (* 1947), langjähriger Kurdirektor und Vermarkter von St. Moritz",St. Moritz
399,"Thomas Flohr (* 1960), Unternehmer und Autorennfahrer",St. Moritz
400,"Conradin Flugi (1787–1874), Dichter der Romantik",St. Moritz
401,"Nicolaus Hartmann (1880–1956), Architekt",St. Moritz
402,"Pablo Horváth (* 1962), Architekt",St. Moritz
403,"Gian Franco Kasper (1944–2021), Sportfunktionär, Präsident des Internationalen Skiverbandes (FIS)",St. Moritz
404,"Franco Matossi (1919–2012), Meisterknecht, Geschäftsführer, Politiker der Schweizerische Volkspartei (SVP), Thurgauer Grossrat, Staatsrat, Nationalrat und Ständerat",St. Moritz
405,"Anny Meisser-Vonzun (1910–1990), Malerin, Zeichnerin und Lithographin",St. Moritz
406,"Andrey Melnichenko (* 1972), russischer Oligarch und einer von rund 100 Pauschalbesteuerten in St. Moritz",St. Moritz
407,"Stavros Niarchos (1909–1996), Reeder, Mäzen und Unternehmer in St. Moritz",St. Moritz
408,"Gunther Sachs (1932–2011), Industrieller, Bobfahrer und Kunstförderer",St. Moritz
409,"Berni Schödler (* 1971), Skisprung-Trainer",St. Moritz
410,"Giovanni Testa (1903–1996), Skilehrer, Rennläufer, Diplom an den Olympischen Winterspielen in St. Moritz, Bündner Grossrat",St. Moritz
411,"Konrad Toenz (1939–2015), Radiojournalist und Fernsehmoderator",St. Moritz
412,"Laetitia Zappa (* 1974), Erotik- und Pornodarstellerin",St. Moritz
413,"Peter Bearth (1902–1989), Geologe, Professor für Petrographie an der Uni Basel und Autor",Sumvitg
414,"Jakob Bundi (1565–1614), Abt und Autor",Sumvitg
415,"Clau Maissen (1621–1678), Landrichter des Grauen Bundes",Sumvitg
416,"Georg Schmid von Grüneck (1851–1932), römisch-katholischer Bischof des Bistums Chur",Sumvitg
417,"Isabel Morf (* 1957), Autorin von Kriminalromanen",Sumvitg
418,"Leo Tuor (* 1959), Schriftsteller",Sumvitg
419,"Martin Candinas (* 1980), Politiker (2022/23 Nationalratspräsident)",Sumvitg
420,"Jakob Ragaz (1846–1922), Architekt",Tamins
421,"Leonhard Ragaz (1868–1945), reformierter Theologe",Tamins
422,"Georg Thürer (1908–2000), Literaturwissenschaftler und Historiker",Tamins
423,"Flury Koch (* 1945), Skilangläufer",Tamins
424,"Hans Jürg Domenig (* 1964), Unternehmer",Tamins
425,"Corinna Menn (* 1974), Architektin",Tamins
426,"Hans Ardüser (1557 – nach 1614), Bündner Wandermaler, Lehrer und Chronist",Thusis
427,"Hans Mohler (1919–2021), Mittelschullehrer, Schriftsteller. Ehrenbürger von Thusis",Thusis
428,"Annette Spiro (* 1957), Architektin",Thusis
429,"Joachim Beat Schmidt (* 1981), schweizerisch-isländischer Journalist und Schriftsteller",Thusis
430,"Bartholomäus Anhorn der Ältere (1566–1642), evangelisch-reformierter Pfarrer und Historiker in Graubünden und Appenzell, in Trimmis 1614",Trimmis
431,"Hans Ryffel (1878–1949), Direktor der Eidgenössischen Finanzkontrolle",Trimmis
432,"Johannes Caprez (1701–1777), evangelischer Geistlicher und Pietist, der sich für die Herrnhuter Brüdergemeine einsetzte.",Trin
433,"Peter Peyer (* 1965), Grossrat und Regierungsrat (SP)",Trin
434,"Reto Hänny (* 1947), Schriftsteller",Tschappina
435,"Luzi Jenny (1925–2015), Mundartschriftsteller",Tschappina
436,"Oscar Plattner (1922–2002), Radrennfahrer",Tschappina
437,"Peter Zinsli (1934–2011), Komponist, Kapellmeister und Schwyzerörgelispieler",Tschiertschen-Praden
438,"Paolo Dominici (* um 1555 in Rom; † 1618 in Lwiw), Bildhauer, Architekt",Tujetsch
439,"Baseli Berther (1858–1931), Benediktinerpater",Tujetsch
440,"Samuel Plattner (1838–1908), Jurist, Journalist und Bühnenautor",Untervaz
441,"Josef Hug (1903–1985), Korbflechter, Hausierer und Schriftsteller; stammte aus Untervaz",Untervaz
442,"Familie Barblan. Bündner Familie von Vnà (heute Gemeinde Valsot), die im 19. und 20. Jahrhundert verschiedene Lehrer, Pfarrer und bedeutende Künstler hervorgebracht hat.Florian Barblan (* 1834 in Vnà; † 1896 ebenda), Vater von Otto, war Förster, Lehrer und Schulinspektor und gab rätoromanische Lieder heraus.",Valsot
443,"Otto Barblan (* 22. März 1860 in S-chanf; † 19. Dezember 1943 in Genf), Komponist und Organist",Valsot
444,"Gaudenz Barblan (1860–1916), Lehrer an der Landwirtschaftsschule Plantahof.",Valsot
445,"Jon Semadeni (1910–1981), Lehrer und Autor",Valsot
446,"Remigius Deflorin, Bischöflicher Obervogt und Erbauer des Junkerhauses",Vaz/Obervaz
447,"Dr. Hilarius Rischatsch, Bezirksarzt, 1849 nach Dubuque (USA) ausgewandert",Vaz/Obervaz
448,"Jakob Fidel Margreth, Unternehmer in Udine, nach seiner Rückkehr Wohltäter der Gemeinde",Vaz/Obervaz
449,"Elisabeth Candrian-de Florin, Kaffeesiederin in Mailand",Vaz/Obervaz
450,"Johann Jakob Simonet, Domsextar und Historiker",Vaz/Obervaz
451,"Paul Kollegger, Klarinettist und Komponist",Vaz/Obervaz
452,"Luzi Bergamin, Klarinettist und Komponist",Vaz/Obervaz
453,"Toni Cantieni, Nationalrat und Präsident der Lia Rumantscha",Vaz/Obervaz
454,"Heini Hemmi, ehemaliger Skirennfahrer (lebt in Valbella)",Vaz/Obervaz
455,"Silvano Beltrametti, ehemaliger Skirennfahrer (lebt in Valbella)",Vaz/Obervaz
456,"Marcus Tatius Tatius Alpinus (um 1509–1562), Humanist, Übersetzer und Poet",Zernez
457,"Andrea Bezzola (1840–1897), Bundesrichter und Nationalratspräsident",Zernez
458,"Jon Guidon (1892–1966), Dichter",Zernez
459,"Andrea Schorta (1905–1990), Linguist, Gewinner Prix Charles Veillon und Bündner Kulturpreis",Zernez
460,"Rudolf Grass (1906–1982), Zernezer Dorffotograf",Zernez
461,"Robert F. Schloeth (1927–2012), Direktor des Schweizerischen Nationalparks, lebte 1958–1990 in Zernez",Zernez
462,"Jacques Guidon (1931–2021), Zeichner, Maler, Bildhauer, Schriftsteller und Theaterregisseur",Zernez
463,"Ursina Haller (* 1985), Snowboarderin",Zernez
464,"Bartholomäus Anhorn der Ältere (1566–1642), evangelisch-reformierter Pfarrer und Historiker in Graubünden und Appenzell, in Zizers 1612–1614",Zizers
465,"Rudolf von Salis-Zizers (1779–1840), Feldmarschalleutnant in österreichischen Diensten",Zizers
466,"Leonz Held (1844–1925), in Zizers geborener Topograf, Kartograf, Geodät und Offizier",Zizers
467,"Zita von Bourbon-Parma (1892–1989), als Gemahlin Kaiser Karls I. von 1916 bis 1918 letzte Kaiserin von Österreich und Königin von Ungarn, lebte von 1962 bis zu ihrem Tod am 14. März 1989 in Zizers",Zizers
468,"Johann Travers (1483–1563), Jurist und Bündner Landeshauptmann, Heerführer, Wegbereiter und Mitbegründer der rätoromanischen Sprache im Oberengadin",Zuoz
469,"Ulrich Campell (1510–1582), Reformator, Chronist und Kirchlieddichter, 1554–1556 evangelisch-reformierter Pfarrer in Zuoz",Zuoz
470,"Jan Peider Danz (um 1575–1620), geboren und aufgewachsen in Zuoz, reformierter Pfarrer in Celerina und Teglio, Opfer des Veltliner Mordes",Zuoz
471,"Giörin Wietzel (1595–1670), Landammann des Oberengadins, Politiker und Chronist",Zuoz
472,"Lurainz Wietzel (1627–1670), Jurist und Übersetzer des Genfer Psalters und pietistischer Erbauungsliteratur ins Ladinische",Zuoz
473,"Petrus Domenicus Rosius à Porta (1734–1806), reformierter Pfarrer in Zuoz 1803–1806 und Kirchenhistoriker",Zuoz
474,"Jakob von Albertini (1793–1848), Politiker",Zuoz
475,"Artur Caflisch (1893–1971), Poet, Schriftsteller, Übersetzer und Nonkonformist",Zuoz
476,"Silvia Andrea (1840–1935), Schriftstellerin und Übersetzerin",Zuoz
477,"Gerhart Sieveking (1901–1945), Pädagoge, Literaturforscher und Übersetzer",Zuoz
478,"Gian Casty (1914–1979), Maler, Illustrator und Glasmaler",Zuoz
479,"André Gorz (1923–2007), Sozialphilosoph und Publizist, 1939–1941 Student in Zuoz",Zuoz
480,"Werner Camichel (1945–2006), Olympiasieger im 4er-Bob 1972 in Sapporo sowie Weltmeister 1973 und 1975",Zuoz
